{
    "token_f1_score": 0.9745349938124164,
    "token_precision": 0.9742817913070805,
    "token_recall": 0.9751494715366524,
    "token_report": {
        "B-ART": {
            "precision": 0.0,
            "recall": 0.0,
            "f1-score": 0.0,
            "support": 16.0
        },
        "B-EVE": {
            "precision": 0.0,
            "recall": 0.0,
            "f1-score": 0.0,
            "support": 6.0
        },
        "B-GEO": {
            "precision": 0.8751962323390895,
            "recall": 0.9268495428096426,
            "f1-score": 0.9002825999192572,
            "support": 1203.0
        },
        "B-GPE": {
            "precision": 0.9788053949903661,
            "recall": 0.9202898550724637,
            "f1-score": 0.9486461251167133,
            "support": 552.0
        },
        "B-NAT": {
            "precision": 1.0,
            "recall": 0.4,
            "f1-score": 0.5714285714285714,
            "support": 5.0
        },
        "B-ORG": {
            "precision": 0.8280757097791798,
            "recall": 0.7697947214076246,
            "f1-score": 0.7978723404255319,
            "support": 682.0
        },
        "B-PER": {
            "precision": 0.8378378378378378,
            "recall": 0.8794326241134752,
            "f1-score": 0.8581314878892734,
            "support": 564.0
        },
        "B-TIM": {
            "precision": 0.9121522693997072,
            "recall": 0.922962962962963,
            "f1-score": 0.9175257731958762,
            "support": 675.0
        },
        "I-ART": {
            "precision": 0.0,
            "recall": 0.0,
            "f1-score": 0.0,
            "support": 14.0
        },
        "I-EVE": {
            "precision": 1.0,
            "recall": 0.14285714285714285,
            "f1-score": 0.25,
            "support": 7.0
        },
        "I-GEO": {
            "precision": 0.8484848484848485,
            "recall": 0.8099173553719008,
            "f1-score": 0.828752642706131,
            "support": 242.0
        },
        "I-GPE": {
            "precision": 1.0,
            "recall": 0.6,
            "f1-score": 0.75,
            "support": 5.0
        },
        "I-ORG": {
            "precision": 0.8535433070866142,
            "recall": 0.8300153139356815,
            "f1-score": 0.8416149068322981,
            "support": 653.0
        },
        "I-PER": {
            "precision": 0.859504132231405,
            "recall": 0.9187279151943463,
            "f1-score": 0.888129803586678,
            "support": 566.0
        },
        "I-TIM": {
            "precision": 0.8232323232323232,
            "recall": 0.7990196078431373,
            "f1-score": 0.8109452736318408,
            "support": 204.0
        },
        "O": {
            "precision": 0.9935147422611487,
            "recall": 0.9940796735458407,
            "f1-score": 0.9937971276186655,
            "support": 29897.0
        },
        "accuracy": 0.9751494715366524,
        "macro avg": {
            "precision": 0.7381466748526575,
            "recall": 0.6196216696946387,
            "f1-score": 0.6473204157719273,
            "support": 35291.0
        },
        "weighted avg": {
            "precision": 0.9742817913070805,
            "recall": 0.9751494715366524,
            "f1-score": 0.9745349938124164,
            "support": 35291.0
        }
    },
    "entity_metrics": {
        "B-ART": {
            "precision": 0.0,
            "recall": 0.0,
            "f1-score": 0.0,
            "support": 16.0
        },
        "B-EVE": {
            "precision": 0.0,
            "recall": 0.0,
            "f1-score": 0.0,
            "support": 6.0
        },
        "B-GEO": {
            "precision": 0.8751962323390895,
            "recall": 0.9268495428096426,
            "f1-score": 0.9002825999192572,
            "support": 1203.0
        },
        "B-GPE": {
            "precision": 0.9788053949903661,
            "recall": 0.9202898550724637,
            "f1-score": 0.9486461251167133,
            "support": 552.0
        },
        "B-NAT": {
            "precision": 1.0,
            "recall": 0.4,
            "f1-score": 0.5714285714285714,
            "support": 5.0
        },
        "B-ORG": {
            "precision": 0.8280757097791798,
            "recall": 0.7697947214076246,
            "f1-score": 0.7978723404255319,
            "support": 682.0
        },
        "B-PER": {
            "precision": 0.8378378378378378,
            "recall": 0.8794326241134752,
            "f1-score": 0.8581314878892734,
            "support": 564.0
        },
        "B-TIM": {
            "precision": 0.9121522693997072,
            "recall": 0.922962962962963,
            "f1-score": 0.9175257731958762,
            "support": 675.0
        },
        "I-ART": {
            "precision": 0.0,
            "recall": 0.0,
            "f1-score": 0.0,
            "support": 14.0
        },
        "I-EVE": {
            "precision": 1.0,
            "recall": 0.14285714285714285,
            "f1-score": 0.25,
            "support": 7.0
        },
        "I-GEO": {
            "precision": 0.8484848484848485,
            "recall": 0.8099173553719008,
            "f1-score": 0.828752642706131,
            "support": 242.0
        },
        "I-GPE": {
            "precision": 1.0,
            "recall": 0.6,
            "f1-score": 0.75,
            "support": 5.0
        },
        "I-ORG": {
            "precision": 0.8535433070866142,
            "recall": 0.8300153139356815,
            "f1-score": 0.8416149068322981,
            "support": 653.0
        },
        "I-PER": {
            "precision": 0.859504132231405,
            "recall": 0.9187279151943463,
            "f1-score": 0.888129803586678,
            "support": 566.0
        },
        "I-TIM": {
            "precision": 0.8232323232323232,
            "recall": 0.7990196078431373,
            "f1-score": 0.8109452736318408,
            "support": 204.0
        },
        "accuracy": 0.9751494715366524
    },
    "errors": [],
    "entity_f1_score": 0.8410092110532639,
    "entity_precision": 0.8315733896515312,
    "entity_recall": 0.8506616257088847,
    "entity_report": {
        "ART": {
            "precision": 0.0,
            "recall": 0.0,
            "f1-score": 0.0,
            "support": 16
        },
        "EVE": {
            "precision": 0.0,
            "recall": 0.0,
            "f1-score": 0.0,
            "support": 6
        },
        "GEO": {
            "precision": 0.8549262994569433,
            "recall": 0.9160432252701579,
            "f1-score": 0.884430176565008,
            "support": 1203
        },
        "GPE": {
            "precision": 0.976878612716763,
            "recall": 0.9184782608695652,
            "f1-score": 0.9467787114845938,
            "support": 552
        },
        "NAT": {
            "precision": 1.0,
            "recall": 0.4,
            "f1-score": 0.5714285714285715,
            "support": 5
        },
        "ORG": {
            "precision": 0.7182890855457227,
            "recall": 0.7140762463343109,
            "f1-score": 0.7161764705882353,
            "support": 682
        },
        "PER": {
            "precision": 0.7562189054726368,
            "recall": 0.8085106382978723,
            "f1-score": 0.781491002570694,
            "support": 564
        },
        "TIM": {
            "precision": 0.8563218390804598,
            "recall": 0.882962962962963,
            "f1-score": 0.8694383661560905,
            "support": 675
        },
        "micro avg": {
            "precision": 0.8315733896515312,
            "recall": 0.8506616257088847,
            "f1-score": 0.8410092110532639,
            "support": 3703
        },
        "macro avg": {
            "precision": 0.6453293427840657,
            "recall": 0.5800089167168587,
            "f1-score": 0.5962179123491491,
            "support": 3703
        },